<?xml version="1.0" encoding="UTF-8" standalone="yes"?>
<addon id="plugin.video.p2p-streams"
       name="p2p-streams"
       version="0.1.1"
       provider-name="enen92 - fightnight">
  <requires>
    <import addon="xbmc.python" version="2.1.0"/>
  </requires>
  <extension point="xbmc.python.pluginsource"
            library="default.py">
        <provides>video</provides>
  </extension>
  <extension point="xbmc.addon.metadata">
    <summary>P2P-Streams addon</summary>
    <description lang="en">p2p-Streams addon makes it easy for you to play p2p (peer-to-peer) streams directly in XBMC without the need for external players. Currently supporting Acestream and Sopcast streams it comprises an auto-configuration tool that will download the engines specifically for your platform. At the moment it is available for Linux, Windows and the Raspberry PI (OpenELEC, Raspbmc and Xbian). Other platforms will be supported in the future. Original code for SopCast developed by Cristi - Atlanta; original code for the Acestream Client console provided by NuisMons; Acestream-Engine for the Raspberry Pi based on tarasian666 work; Raspberry PI Sopcast emulator credits go to the amazing community in raspberrypi.org official forum. Fannart and icon by Marquerite. Thanks to them all!</description>
    <description lang="pt">O addon p2p-Streams torna possível assistir de forma simples a streams p2p (peer-to-peer) directamente no XBMC sem necessidade de player externos. De momento suporta streams Ace (Acestreams) e Sopcast e inclui uma ferramenta de autoconfiguração que irá fazer o download da engine correspondente ao seu sistema operativo. De momento, o addon está disponível para Linux, Windows e para todas as distribuições XBMC da Raspberry PI (OpenELEC, Raspbmc, Xbian). Novas plataformas serão adicionadas no futuro. Código original para o Sopcast foi desenvolvido por Cristi - Atlanta; o código original para a consola de cliente Acestream foi desenvolvida por NuisMons; A Acestream-Engine para a Raspberry Pi foi modificada do trabalho original de Tarasian666. Os créditos do emulador Sopcast para a Raspberry Pi vão para a fantástica comunidade do fórum oficial da Raspberry PI (raspberrypi.org). Icon e fannart por Marquerite. Obrigado a Todos!</description>
    <platform>all</platform>
  </extension>
</addon>
